﻿<?xml version="1.0" encoding="UTF-8" standalone="yes"?>
<addon id="resource.images.weathericons.indeterminate2" name="Weather Icons 2 - Indeterminate" version="1.0.0" provider-name="Purplerocket">
	<extension point="kodi.resource.images" type="weather" />
	<requires>
		<import addon="kodi.resource" version="1.0.0"/>
	</requires>
	<extension point="xbmc.addon.metadata">
		<summary lang="en">Indeterminate Weather Icons 2</summary>
		<description lang="en">Indeterminate Weather Icons 2</description>
		<platform>all</platform>		
	</extension>
</addon>
