﻿<?xml version="1.0" encoding="UTF-8" standalone="yes"?>
<addon id="resource.images.weathericons.indeterminate" name="Weather Icons - Indeterminate" version="1.0.1" provider-name="Purplerocket">
	<extension point="kodi.resource.images" type="weather" />
	<requires>
		<import addon="kodi.resource" version="1.0.0"/>
	</requires>
	<extension point="xbmc.addon.metadata">
		<summary lang="en">Indeterminate Weather Icons</summary>
		<description lang="en">Indeterminate Weather Icons</description>
		<platform>all</platform>
	</extension>
</addon>
