﻿<?xml version="1.0" encoding="UTF-8" standalone="yes"?>
<addon id="resource.images.weathericons.Indeterminate.flat" name="Weather Icons Flat - Indeterminate" version="1.0.0" provider-name="Purplerocket">
	<extension point="kodi.resource.images" type="weather" />
	<requires>
		<import addon="kodi.resource" version="1.0.0"/>
	</requires>
	<extension point="xbmc.addon.metadata">
		<summary lang="en">Indeterminate Weather Flat Icons</summary>
		<description lang="en">Indeterminate Weather Flat Icons. Originally Based on Android Weather by bharathp666.deviantART.com, Modified and Extra Icons Added to Complete Weather Icon for Australia Excluding ACT and other Snowing Area's.</description>
		<platform>all</platform>
		<assets>
			<icon>icon.png</icon>
			<fanart>fanart.png</fanart>
			<screenshot>screenshot-01.png</screenshot>		
		</assets>		
	</extension>
</addon>
